invalid_id,invalid_name
ABCDE12345,alexander_1
FGHIJ67890,olivia_2
KLMNO54321,noah_3
PQRST98765,evelyn_4
UVWXY24680,william_5
ZABCD86420,sophia_6
EFGHI75310,liam_7
JKLMNOP15926,charlotte_8
QRSTUV75309,benjamin_9
WXYZA95162,ava_10
BCDEF86420,mia_11
GHIJK75309,james_12
LMNOP95162,amelia_13
QRSTU86420,lucas_14
VWXYZ75309,harper_15
YZABC95162,henry_16
CDEFG86420,isabella_17
HIJKL75309,michael_18
MNOPQ95162,emma_19
RSTUV86420,sebastian_20
WXYZA75309,abigail_21
ZABCDE95162,aiden_22
BCDEFG86420,sofia_23
HIJKL75309,logan_24
MNOPQ95162,emily_25
RSTUV86420,elijah_26
WXYZA75309,grace_27
ZABCDE95162,carter_28
BCDEFG86420,ella_29
HIJKL75309,avery_30
MNOPQ95162,lincoln_31
RSTUV86420,mila_32
WXYZA75309,daniel_33
ZABCDE95162,lily_34
BCDEFG86420,david_35
HIJKL75309,scarlett_36
MNOPQ95162,matthew_37
RSTUV86420,victoria_38
WXYZA75309,jackson_39
ZABCDE95162,chloe_40
BCDEFG86420,aria_41
HIJKL75309,samuel_42
MNOPQ95162,hazel_43
RSTUV86420,joseph_44
WXYZA75309,layla_45
ZABCDE95162,owen_46
BCDEFG86420,eleanor_47
HIJKL75309,lincoln_48
MNOPQ95162,grace_49
RSTUV86420,jonathan_50
WXYZA75309,zoey_51
ZABCDE95162,luke_52
BCDEFG86420,mila_53
HIJKL75309,caleb_54
MNOPQ95162,audrey_55
RSTUV86420,landon_56
WXYZA75309,stella_57
ZABCDE95162,nathan_58
BCDEFG86420,bella_59
HIJKL75309,gabriel_60
MNOPQ95162,lucy_61
RSTUV86420,isaac_62
WXYZA75309,lillian_63
ZABCDE95162,ethan_64
BCDEFG86420,hailey_65
HIJKL75309,dylan_66
MNOPQ95162,nora_67
RSTUV86420,julian_68
WXYZA75309,eleanor_69
ZABCDE95162,levi_70
BCDEFG86420,ellie_71
HIJKL75309,hudson_72
MNOPQ95162,penelope_73
RSTUV86420,aaron_74
WXYZA75309,sarah_75
ZABCDE95162,anthony_76
BCDEFG86420,hannah_77
HIJKL75309,grayson_78
MNOPQ95162,mila_79
RSTUV86420,adrian_80
WXYZA75309,aria_81
ZABCDE95162,wyatt_82
BCDEFG86420,elizabeth_83
HIJKL75309,emily_84
MNOPQ95162,brandon_85
RSTUV86420,amelia_86
WXYZA75309,oliver_87
ZABCDE95162,violet_88
BCDEFG86420,owen_89
HIJKL75309,chloe_90
MNOPQ95162,henry_91
RSTUV86420,clara_92
WXYZA75309,lucas_93
ZABCDE95162,ava_94
BCDEFG86420,leo_95
HIJKL75309,mia_96
MNOPQ95162,christopher_97
RSTUV86420,sophie_98
WXYZA75309,david_99
ZABCDE95162,samantha_100
